<?xml version="1.0" encoding="UTF-8" standalone="yes"?>
<schema version="0.0" name="articlecitation">
    <fields>
        <field type="long" stored="true" name="]Corpus|Corpus.vpdmfId" multiValued="true" indexed="true"/>
        <field type="string" stored="true" name="]Corpus|Corpus.name" multiValued="true" indexed="true"/>
        <field type="string" stored="true" name="]Corpus|Corpus.description" multiValued="true" indexed="true"/>
        <field type="string" stored="true" name="]Corpus|Corpus.owner" multiValued="true" indexed="true"/>
        <field type="string" stored="true" name="]Corpus|Corpus.date" multiValued="true" indexed="true"/>
        <field type="long" stored="true" name="]LiteratureCitation|ViewTable.vpdmfId" multiValued="false" indexed="true"/>
        <field type="string" stored="true" name="]LiteratureCitation|ViewTable.viewType" multiValued="false" indexed="true"/>
        <field type="boolean" stored="true" name="]LiteratureCitation|ViewTable.locked" multiValued="false" indexed="true"/>
        <field type="string" stored="true" name="]LiteratureCitation|ViewTable.vpdmfLabel" multiValued="false" indexed="true"/>
        <field type="string" stored="true" name="]LiteratureCitation|ViewTable.vpdmfUri" multiValued="false" indexed="true"/>
        <field type="string" stored="true" name="]LiteratureCitation|ViewTable.namespace" multiValued="false" indexed="true"/>
        <field type="binary" stored="true" name="]LiteratureCitation|ViewTable.thumbnail" multiValued="false" indexed="true"/>
        <field type="long" stored="true" name="]LiteratureCitation|LiteratureCitation.vpdmfId" multiValued="false" indexed="true"/>
        <field type="string" stored="true" name="]LiteratureCitation|LiteratureCitation.abstractText" multiValued="false" indexed="true"/>
        <field type="string" stored="true" name="]LiteratureCitation|LiteratureCitation.title" multiValued="false" indexed="true"/>
        <field type="int" stored="true" name="]LiteratureCitation|LiteratureCitation.pubYear" multiValued="false" indexed="true"/>
        <field type="string" stored="true" name="]LiteratureCitation|LiteratureCitation.pages" multiValued="false" indexed="true"/>
        <field type="string" stored="true" name="]LiteratureCitation|LiteratureCitation.resourceType" multiValued="false" indexed="true"/>
        <field type="long" stored="true" name="]LiteratureCitation|LiteratureCitation.fullText_id" multiValued="false" indexed="true"/>
        <field type="long" stored="true" name="]LiteratureCitation|ArticleCitation.vpdmfId" multiValued="false" indexed="true"/>
        <field type="string" stored="true" name="]LiteratureCitation|ArticleCitation.volume" multiValued="false" indexed="true"/>
        <field type="string" stored="true" name="]LiteratureCitation|ArticleCitation.issue" multiValued="false" indexed="true"/>
        <field type="int" stored="true" name="]LiteratureCitation|ArticleCitation.pmid" multiValued="false" indexed="true"/>
        <field type="int" stored="true" name="]LiteratureCitation|ArticleCitation.pmcid" multiValued="false" indexed="true"/>
        <field type="long" stored="true" name="]LiteratureCitation|ArticleCitation.journal_id" multiValued="false" indexed="true"/>
        <field type="long" stored="true" name="]Keyword|Keyword.vpdmfId" multiValued="true" indexed="true"/>
        <field type="string" stored="true" name="]Keyword|Keyword.value" multiValued="true" indexed="true"/>
        <field type="long" stored="true" name="]JournalLU|ViewTable.vpdmfId" multiValued="false" indexed="true"/>
        <field type="string" stored="true" name="]JournalLU|ViewTable.viewType" multiValued="false" indexed="true"/>
        <field type="boolean" stored="true" name="]JournalLU|ViewTable.locked" multiValued="false" indexed="true"/>
        <field type="string" stored="true" name="]JournalLU|ViewTable.vpdmfLabel" multiValued="false" indexed="true"/>
        <field type="string" stored="true" name="]JournalLU|ViewTable.vpdmfUri" multiValued="false" indexed="true"/>
        <field type="string" stored="true" name="]JournalLU|ViewTable.namespace" multiValued="false" indexed="true"/>
        <field type="binary" stored="true" name="]JournalLU|ViewTable.thumbnail" multiValued="false" indexed="true"/>
        <field type="long" stored="true" name="]JournalLU|Journal.vpdmfId" multiValued="false" indexed="true"/>
        <field type="string" stored="true" name="]JournalLU|Journal.journalTitle" multiValued="false" indexed="true"/>
        <field type="string" stored="true" name="]JournalLU|Journal.nlmId" multiValued="false" indexed="true"/>
        <field type="string" stored="true" name="]JournalLU|Journal.abbr" multiValued="false" indexed="true"/>
        <field type="string" stored="true" name="]JournalLU|Journal.ISSN" multiValued="false" indexed="true"/>
        <field type="long" stored="true" name="]Author|ViewTable.vpdmfId" multiValued="true" indexed="true"/>
        <field type="string" stored="true" name="]Author|ViewTable.viewType" multiValued="true" indexed="true"/>
        <field type="boolean" stored="true" name="]Author|ViewTable.locked" multiValued="true" indexed="true"/>
        <field type="string" stored="true" name="]Author|ViewTable.vpdmfLabel" multiValued="true" indexed="true"/>
        <field type="string" stored="true" name="]Author|ViewTable.vpdmfUri" multiValued="true" indexed="true"/>
        <field type="string" stored="true" name="]Author|ViewTable.namespace" multiValued="true" indexed="true"/>
        <field type="binary" stored="true" name="]Author|ViewTable.thumbnail" multiValued="true" indexed="true"/>
        <field type="long" stored="true" name="]Author|Person.vpdmfId" multiValued="true" indexed="true"/>
        <field type="string" stored="true" name="]Author|Person.fullName" multiValued="true" indexed="true"/>
        <field type="string" stored="true" name="]Author|Person.email" multiValued="true" indexed="true"/>
        <field type="string" stored="true" name="]Author|Person.affiliation" multiValued="true" indexed="true"/>
        <field type="long" stored="true" name="]Author|Author.vpdmfId" multiValued="true" indexed="true"/>
        <field type="long" stored="true" name="]ID|ID.vpdmfId" multiValued="true" indexed="true"/>
        <field type="string" stored="true" name="]ID|ID.idValue" multiValued="true" indexed="true"/>
        <field type="string" stored="true" name="]ID|ID.idType" multiValued="true" indexed="true"/>
        <field type="long" stored="true" name="]ID|ID.publication_id" multiValued="true" indexed="true"/>
        <field type="long" stored="true" name="]URL|URL.vpdmfId" multiValued="true" indexed="true"/>
        <field type="string" stored="true" name="]URL|URL.url" multiValued="true" indexed="true"/>
        <field type="long" stored="true" name="]URL|URL.resource_id" multiValued="true" indexed="true"/>
    </fields>
    <types>
        <fieldType sortMissingLast="true" name="string" class="solr.StrField"/>
        <fieldType sortMissingLast="true" name="boolean" class="solr.BoolField"/>
        <fieldType name="binary" class="solr.BinaryField"/>
        <fieldType precisionStep="0" positionIncrementGap="0" name="int" class="solr.TrieIntField"/>
        <fieldType precisionStep="0" positionIncrementGap="0" name="float" class="solr.TrieFloatField"/>
        <fieldType precisionStep="0" positionIncrementGap="0" name="long" class="solr.TrieLongField"/>
        <fieldType precisionStep="0" positionIncrementGap="0" name="double" class="solr.TrieDoubleField"/>
        <fieldType precisionStep="8" positionIncrementGap="0" name="tint" class="solr.TrieIntField"/>
        <fieldType precisionStep="8" positionIncrementGap="0" name="tfloat" class="solr.TrieFloatField"/>
        <fieldType precisionStep="8" positionIncrementGap="0" name="tlong" class="solr.TrieLongField"/>
        <fieldType precisionStep="8" positionIncrementGap="0" name="tdouble" class="solr.TrieDoubleField"/>
        <fieldType precisionStep="0" positionIncrementGap="0" name="date" class="solr.TrieDateField"/>
        <fieldType precisionStep="6" positionIncrementGap="0" name="tdate" class="solr.TrieDateField"/>
        <fieldType name="pint" class="solr.IntField"/>
        <fieldType name="plong" class="solr.LongField"/>
        <fieldType name="pfloat" class="solr.FloatField"/>
        <fieldType name="pdouble" class="solr.DoubleField"/>
        <fieldType sortMissingLast="true" name="pdate" class="solr.DateField"/>
        <fieldType sortMissingLast="true" name="sint" class="solr.SortableIntField"/>
        <fieldType sortMissingLast="true" name="slong" class="solr.SortableLongField"/>
        <fieldType sortMissingLast="true" name="sfloat" class="solr.SortableFloatField"/>
        <fieldType sortMissingLast="true" name="sdouble" class="solr.SortableDoubleField"/>
        <fieldType name="random" indexed="true" class="solr.RandomSortField"/>
        <fieldType stored="false" name="ignored" multiValued="true" indexed="false" class="solr.StrField"/>
        <fieldType subFieldSuffix="_d" name="point" dimension="2" class="solr.PointType"/>
        <fieldType subFieldSuffix="_coordinate" name="location" class="solr.LatLonType"/>
        <fieldType name="geohash" class="solr.GeoHashField"/>
    </types>
    <uniqueKey>]LiteratureCitation|ArticleCitation.pmid</uniqueKey>
</schema>
